product_category,train_size,test_size,MAE,RMSE,SMAPE,weighted_SMAPE
Furniture,759,190,4350.624174548358,6227.176993196681,64.87989615509868,76.04942644307093
Office Supplies,1056,264,2920.804805850197,4385.156459272005,68.38595538651653,97.81690289919777
Technology,826,207,5033.392056854813,7734.880131922577,68.58208273908589,84.52782701062608
