product_category,train_size,test_size,MAE,RMSE,SMAPE,weighted_SMAPE
Furniture,759,190,4466.895624164782,6398.150872620435,65.94577286626678,76.66898300865421
Office Supplies,1056,264,3048.7446513551654,4571.838489917863,76.06414533173913,103.69714637629745
Technology,826,207,5525.249607763908,8105.4143141019185,75.73121857120466,88.62665983757188
