metric,value
MAE,7953.395511700994
RMSE,10851.119397665483
MAPE,800.4951115800443
