region,train_size,test_size,MAE,RMSE,SMAPE
Central,792,199,4199.746774221206,5409.963554656109,62.953795236958186
East,663,166,4093.685322848427,6587.266347800032,69.22182123024452
South,649,163,3964.3002284521863,6251.150695132659,69.04676852654237
West,691,173,3539.6658479793077,5170.179041656694,59.65094812257722
