metric,value
MAE,6571.523071210076
RMSE,9464.263851840355
SMAPE,72.14831923971221
