model,MAE,RMSE,SMAPE,WAPE,Bias
Rolling Mean-7,2654.381100421121,4404.053488548979,104.02486832671538,103.24413184129683,0.5193235184613161
Naive Lag-1,3273.5692119236583,5874.465317802931,114.97852439947232,127.32791506609051,0.15143348155791525
Seasonal Naive Lag-7,3234.736106670446,5855.64350954765,114.99610159556582,125.81747248573403,0.207190650384423
