model,MAE,RMSE,SMAPE,WAPE,Bias
Random Forest,506.9372412588715,1480.2304560441742,17.12484109367771,19.70952267943797,-2.159403172216803
HistGradientBoosting,503.90624276825764,1415.943664820849,26.22728503755409,19.627291146848542,-0.32958115273241456
Ridge Regression,1073.6943538897253,2051.7424893058082,78.2702380391897,41.820734532118905,-1.4269084565139054
Linear Regression,1076.5918424953616,2053.6159710702154,78.55882875158795,41.935204335822434,-1.336678837131623
